Industry,Standard
Manufacturing,ISO 9001
Manufacturing,ISO 14001
Manufacturing,ISO 45001
Manufacturing,ISO 50001
Manufacturing,ISO 55001
Aerospace & Defence,AS9100
Aerospace & Defence,AS9110
Aerospace & Defence,AS9120
Aerospace & Defence,NATO AQAP 2110
Aerospace & Defence,NATO AQAP 2310
Automotive,IATF 16949
Automotive,ISO 9001
Rail,ISO/TS 22163 (IRIS)
Rail,ISO 9001
Construction & Built Environment,ISO 9001
Construction & Built Environment,ISO 14001
Construction & Built Environment,ISO 45001
Construction & Built Environment,ISO 19650
Construction & Built Environment,ISO 41001
Energy & Utilities,ISO 29001
Energy & Utilities,ISO 50001
Energy & Utilities,ISO 14001
Energy & Utilities,ISO 45001
Oil & Gas,ISO 29001
Oil & Gas,ISO 14001
Oil & Gas,ISO 45001
Food & Beverage,ISO 22000
Food & Beverage,FSSC 22000
Food & Beverage,BRCGS
Food & Beverage,IFS Food
Medical Devices,ISO 13485
Medical Devices,ISO 14971
Pharmaceuticals,GMP
Pharmaceuticals,ISO 9001
Information Technology & Software,ISO/IEC 27001
Information Technology & Software,ISO/IEC 27002
Information Technology & Software,ISO/IEC 27701
Information Technology & Software,ISO/IEC 20000-1
Information Technology & Software,SOC 2
Information Technology & Software,PCI DSS
Cybersecurity Services,ISO/IEC 27001
Cybersecurity Services,Cyber Essentials
Cybersecurity Services,Cyber Essentials Plus
Cybersecurity Services,SOC 2
Telecommunications,TL 9000
Telecommunications,ISO 9001
Financial Services,ISO/IEC 27001
Financial Services,SOC 2
Financial Services,PCI DSS
Logistics & Transport,ISO 9001
Logistics & Transport,ISO 14001
Logistics & Transport,ISO 45001
Professional Services,ISO 9001
Professional Services,ISO 37001
Professional Services,ISO 37301
Environmental Services,ISO 14001
Environmental Services,ISO 45001
Public Sector & Government,ISO 27001
Public Sector & Government,ISO 22301
Education & Training,ISO 21001
Education & Training,ISO 9001
Healthcare Services,ISO 9001
Healthcare Services,ISO 15189
Healthcare Services,ISO 27001
